{
    "parent": "block/block",
    "textures": {
        "particle": "block/composter_side",
        "top": "block/composter_top",
        "bottom": "block/composter_bottom",
        "side": "block/composter_side",
        "inside": "block/composter_bottom"
    },
    "elements": [
        {
            "from": [
                0,
                0,
                0
            ],
            "to": [
                16,
                2,
                16
            ],
            "faces": {
                "up": {
                    "texture": "#inside"
                },
                "down": {
                    "texture": "#bottom",
                    "cullface": "down"
                }
            },
            "light_emission": 15
        },
        {
            "from": [
                0,
                0,
                0
            ],
            "to": [
                2,
                16,
                16
            ],
            "faces": {
                "up": {
                    "texture": "#top",
                    "cullface": "up"
                },
                "north": {
                    "texture": "#side",
                    "cullface": "north"
                },
                "south": {
                    "texture": "#side",
                    "cullface": "south"
                },
                "west": {
                    "texture": "#side",
                    "cullface": "west"
                },
                "east": {
                    "texture": "#side"
                }
            },
            "light_emission": 15
        },
        {
            "from": [
                14,
                0,
                0
            ],
            "to": [
                16,
                16,
                16
            ],
            "faces": {
                "up": {
                    "texture": "#top",
                    "cullface": "up"
                },
                "north": {
                    "texture": "#side",
                    "cullface": "north"
                },
                "south": {
                    "texture": "#side",
                    "cullface": "south"
                },
                "west": {
                    "texture": "#side"
                },
                "east": {
                    "texture": "#side",
                    "cullface": "east"
                }
            },
            "light_emission": 15
        },
        {
            "from": [
                2,
                0,
                0
            ],
            "to": [
                14,
                16,
                2
            ],
            "faces": {
                "up": {
                    "texture": "#top",
                    "cullface": "up"
                },
                "north": {
                    "texture": "#side",
                    "cullface": "north"
                },
                "south": {
                    "texture": "#side"
                }
            },
            "light_emission": 15
        },
        {
            "from": [
                2,
                0,
                14
            ],
            "to": [
                14,
                16,
                16
            ],
            "faces": {
                "up": {
                    "texture": "#top",
                    "cullface": "up"
                },
                "north": {
                    "texture": "#side"
                },
                "south": {
                    "texture": "#side",
                    "cullface": "south"
                }
            },
            "light_emission": 15
        }
    ]
}