{
    "ambientocclusion": false,
    "textures": {
        "particle": "#bottom"
    },
    "elements": [
        {
            "from": [
                0,
                0,
                0
            ],
            "to": [
                3,
                16,
                16
            ],
            "faces": {
                "down": {
                    "uv": [
                        16,
                        16,
                        0,
                        13
                    ],
                    "texture": "#bottom",
                    "cullface": "down",
                    "rotation": 90
                },
                "north": {
                    "uv": [
                        3,
                        0,
                        0,
                        16
                    ],
                    "texture": "#bottom",
                    "cullface": "north"
                },
                "south": {
                    "uv": [
                        3,
                        0,
                        0,
                        16
                    ],
                    "texture": "#bottom",
                    "cullface": "south"
                },
                "west": {
                    "uv": [
                        0,
                        0,
                        16,
                        16
                    ],
                    "texture": "#bottom",
                    "cullface": "west"
                },
                "east": {
                    "uv": [
                        16,
                        0,
                        0,
                        16
                    ],
                    "texture": "#bottom"
                }
            },
            "light_emission": 15
        }
    ]
}