{
    "ambientocclusion": false,
    "textures": {
        "particle": "block/flower_pot",
        "flowerpot": "block/flower_pot",
        "dirt": "block/dirt"
    },
    "elements": [
        {
            "from": [
                5,
                0,
                5
            ],
            "to": [
                6,
                6,
                11
            ],
            "faces": {
                "down": {
                    "uv": [
                        5,
                        5,
                        6,
                        11
                    ],
                    "texture": "#flowerpot",
                    "cullface": "down"
                },
                "up": {
                    "uv": [
                        5,
                        5,
                        6,
                        11
                    ],
                    "texture": "#flowerpot"
                },
                "north": {
                    "uv": [
                        10,
                        10,
                        11,
                        16
                    ],
                    "texture": "#flowerpot"
                },
                "south": {
                    "uv": [
                        5,
                        10,
                        6,
                        16
                    ],
                    "texture": "#flowerpot"
                },
                "west": {
                    "uv": [
                        5,
                        10,
                        11,
                        16
                    ],
                    "texture": "#flowerpot"
                },
                "east": {
                    "uv": [
                        5,
                        10,
                        11,
                        16
                    ],
                    "texture": "#flowerpot"
                }
            },
            "light_emission": 15
        },
        {
            "from": [
                10,
                0,
                5
            ],
            "to": [
                11,
                6,
                11
            ],
            "faces": {
                "down": {
                    "uv": [
                        10,
                        5,
                        11,
                        11
                    ],
                    "texture": "#flowerpot",
                    "cullface": "down"
                },
                "up": {
                    "uv": [
                        10,
                        5,
                        11,
                        11
                    ],
                    "texture": "#flowerpot"
                },
                "north": {
                    "uv": [
                        5,
                        10,
                        6,
                        16
                    ],
                    "texture": "#flowerpot"
                },
                "south": {
                    "uv": [
                        10,
                        10,
                        11,
                        16
                    ],
                    "texture": "#flowerpot"
                },
                "west": {
                    "uv": [
                        5,
                        10,
                        11,
                        16
                    ],
                    "texture": "#flowerpot"
                },
                "east": {
                    "uv": [
                        5,
                        10,
                        11,
                        16
                    ],
                    "texture": "#flowerpot"
                }
            },
            "light_emission": 15
        },
        {
            "from": [
                6,
                0,
                5
            ],
            "to": [
                10,
                6,
                6
            ],
            "faces": {
                "down": {
                    "uv": [
                        6,
                        10,
                        10,
                        11
                    ],
                    "texture": "#flowerpot",
                    "cullface": "down"
                },
                "up": {
                    "uv": [
                        6,
                        5,
                        10,
                        6
                    ],
                    "texture": "#flowerpot"
                },
                "north": {
                    "uv": [
                        6,
                        10,
                        10,
                        16
                    ],
                    "texture": "#flowerpot"
                },
                "south": {
                    "uv": [
                        6,
                        10,
                        10,
                        16
                    ],
                    "texture": "#flowerpot"
                }
            },
            "light_emission": 15
        },
        {
            "from": [
                6,
                0,
                10
            ],
            "to": [
                10,
                6,
                11
            ],
            "faces": {
                "down": {
                    "uv": [
                        6,
                        5,
                        10,
                        6
                    ],
                    "texture": "#flowerpot",
                    "cullface": "down"
                },
                "up": {
                    "uv": [
                        6,
                        10,
                        10,
                        11
                    ],
                    "texture": "#flowerpot"
                },
                "north": {
                    "uv": [
                        6,
                        10,
                        10,
                        16
                    ],
                    "texture": "#flowerpot"
                },
                "south": {
                    "uv": [
                        6,
                        10,
                        10,
                        16
                    ],
                    "texture": "#flowerpot"
                }
            },
            "light_emission": 15
        },
        {
            "from": [
                6,
                0,
                6
            ],
            "to": [
                10,
                4,
                10
            ],
            "faces": {
                "down": {
                    "uv": [
                        6,
                        12,
                        10,
                        16
                    ],
                    "texture": "#flowerpot",
                    "cullface": "down"
                },
                "up": {
                    "uv": [
                        6,
                        6,
                        10,
                        10
                    ],
                    "texture": "#dirt"
                }
            },
            "light_emission": 15
        }
    ]
}