{
    "ambientocclusion": false,
    "textures": {
        "particle": "block/hopper_outside",
        "top": "block/hopper_top",
        "side": "block/hopper_outside",
        "inside": "block/hopper_inside"
    },
    "elements": [
        {
            "from": [
                0,
                10,
                0
            ],
            "to": [
                16,
                11,
                16
            ],
            "faces": {
                "down": {
                    "texture": "#inside"
                },
                "up": {
                    "texture": "#inside",
                    "cullface": "up"
                },
                "north": {
                    "texture": "#side",
                    "cullface": "north"
                },
                "south": {
                    "texture": "#side",
                    "cullface": "south"
                },
                "west": {
                    "texture": "#side",
                    "cullface": "west"
                },
                "east": {
                    "texture": "#side",
                    "cullface": "east"
                }
            },
            "light_emission": 15
        },
        {
            "from": [
                0,
                11,
                0
            ],
            "to": [
                2,
                16,
                16
            ],
            "faces": {
                "up": {
                    "texture": "#top",
                    "cullface": "up"
                },
                "north": {
                    "texture": "#side",
                    "cullface": "north"
                },
                "south": {
                    "texture": "#side",
                    "cullface": "south"
                },
                "west": {
                    "texture": "#side",
                    "cullface": "west"
                },
                "east": {
                    "texture": "#side",
                    "cullface": "up"
                }
            },
            "light_emission": 15
        },
        {
            "from": [
                14,
                11,
                0
            ],
            "to": [
                16,
                16,
                16
            ],
            "faces": {
                "up": {
                    "texture": "#top",
                    "cullface": "up"
                },
                "north": {
                    "texture": "#side",
                    "cullface": "north"
                },
                "south": {
                    "texture": "#side",
                    "cullface": "south"
                },
                "west": {
                    "texture": "#side",
                    "cullface": "up"
                },
                "east": {
                    "texture": "#side",
                    "cullface": "east"
                }
            },
            "light_emission": 15
        },
        {
            "from": [
                2,
                11,
                0
            ],
            "to": [
                14,
                16,
                2
            ],
            "faces": {
                "up": {
                    "texture": "#top",
                    "cullface": "up"
                },
                "north": {
                    "texture": "#side",
                    "cullface": "north"
                },
                "south": {
                    "texture": "#side",
                    "cullface": "up"
                }
            },
            "light_emission": 15
        },
        {
            "from": [
                2,
                11,
                14
            ],
            "to": [
                14,
                16,
                16
            ],
            "faces": {
                "up": {
                    "texture": "#top",
                    "cullface": "up"
                },
                "north": {
                    "texture": "#side",
                    "cullface": "up"
                },
                "south": {
                    "texture": "#side",
                    "cullface": "south"
                }
            },
            "light_emission": 15
        },
        {
            "from": [
                4,
                4,
                4
            ],
            "to": [
                12,
                10,
                12
            ],
            "faces": {
                "down": {
                    "texture": "#inside"
                },
                "north": {
                    "texture": "#side"
                },
                "south": {
                    "texture": "#side"
                },
                "west": {
                    "texture": "#side"
                },
                "east": {
                    "texture": "#side"
                }
            },
            "light_emission": 15
        },
        {
            "from": [
                6,
                0,
                6
            ],
            "to": [
                10,
                4,
                10
            ],
            "faces": {
                "down": {
                    "texture": "#inside",
                    "cullface": "down"
                },
                "north": {
                    "texture": "#side"
                },
                "south": {
                    "texture": "#side"
                },
                "west": {
                    "texture": "#side"
                },
                "east": {
                    "texture": "#side"
                }
            },
            "light_emission": 15
        }
    ]
}