{
    "parent": "block/block",
    "textures": {
        "top": "block/small_dripleaf_top",
        "side": "block/small_dripleaf_side",
        "stem": "block/small_dripleaf_stem_top",
        "particle": "block/small_dripleaf_top"
    },
    "elements": [
        {
            "from": [
                8,
                3,
                8
            ],
            "to": [
                15,
                3,
                15
            ],
            "shade": false,
            "faces": {
                "down": {
                    "uv": [
                        8,
                        0,
                        0,
                        8
                    ],
                    "texture": "#top"
                },
                "up": {
                    "uv": [
                        8,
                        8,
                        0,
                        0
                    ],
                    "texture": "#top"
                }
            },
            "light_emission": 15
        },
        {
            "from": [
                1,
                8.02,
                1
            ],
            "to": [
                8,
                8.02,
                8
            ],
            "shade": false,
            "faces": {
                "down": {
                    "uv": [
                        0,
                        8,
                        8,
                        0
                    ],
                    "texture": "#top"
                },
                "up": {
                    "uv": [
                        0,
                        0,
                        8,
                        8
                    ],
                    "texture": "#top"
                }
            },
            "light_emission": 15
        },
        {
            "from": [
                1,
                12.02,
                8
            ],
            "to": [
                8,
                12.02,
                15
            ],
            "shade": false,
            "faces": {
                "down": {
                    "uv": [
                        8,
                        0,
                        0,
                        8
                    ],
                    "texture": "#top",
                    "rotation": 270
                },
                "up": {
                    "uv": [
                        0,
                        0,
                        8,
                        8
                    ],
                    "texture": "#top",
                    "rotation": 270
                }
            },
            "light_emission": 15
        },
        {
            "from": [
                8,
                2,
                8
            ],
            "to": [
                15,
                3,
                15
            ],
            "shade": false,
            "faces": {
                "east": {
                    "uv": [
                        0,
                        0,
                        8,
                        1
                    ],
                    "texture": "#side"
                },
                "west": {
                    "uv": [
                        0,
                        0,
                        8,
                        1
                    ],
                    "texture": "#side"
                },
                "north": {
                    "uv": [
                        0,
                        0,
                        8,
                        1
                    ],
                    "texture": "#side"
                },
                "south": {
                    "uv": [
                        0,
                        0,
                        8,
                        1
                    ],
                    "texture": "#side"
                }
            },
            "light_emission": 15
        },
        {
            "from": [
                1,
                7.02,
                1
            ],
            "to": [
                8,
                8.02,
                8
            ],
            "shade": false,
            "faces": {
                "east": {
                    "uv": [
                        0,
                        0,
                        8,
                        1
                    ],
                    "texture": "#side"
                },
                "west": {
                    "uv": [
                        0,
                        0,
                        8,
                        1
                    ],
                    "texture": "#side"
                },
                "north": {
                    "uv": [
                        0,
                        0,
                        8,
                        1
                    ],
                    "texture": "#side"
                },
                "south": {
                    "uv": [
                        0,
                        0,
                        8,
                        1
                    ],
                    "texture": "#side"
                }
            },
            "light_emission": 15
        },
        {
            "from": [
                1,
                11.02,
                8
            ],
            "to": [
                8,
                12.02,
                15
            ],
            "shade": false,
            "faces": {
                "east": {
                    "uv": [
                        0,
                        0,
                        8,
                        1
                    ],
                    "texture": "#side"
                },
                "west": {
                    "uv": [
                        0,
                        0,
                        8,
                        1
                    ],
                    "texture": "#side"
                },
                "north": {
                    "uv": [
                        0,
                        0,
                        8,
                        1
                    ],
                    "texture": "#side"
                },
                "south": {
                    "uv": [
                        0,
                        0,
                        8,
                        1
                    ],
                    "texture": "#side"
                }
            },
            "light_emission": 15
        },
        {
            "from": [
                4.5,
                0,
                8
            ],
            "to": [
                11.5,
                14,
                8
            ],
            "rotation": {
                "origin": [
                    8,
                    8,
                    8
                ],
                "axis": "y",
                "angle": 45,
                "rescale": false
            },
            "shade": false,
            "faces": {
                "north": {
                    "uv": [
                        4,
                        0,
                        12,
                        14
                    ],
                    "texture": "#stem"
                },
                "south": {
                    "uv": [
                        4,
                        0,
                        12,
                        14
                    ],
                    "texture": "#stem"
                }
            },
            "light_emission": 15
        },
        {
            "from": [
                4.5,
                0,
                8
            ],
            "to": [
                11.5,
                14,
                8
            ],
            "rotation": {
                "origin": [
                    8,
                    8,
                    8
                ],
                "axis": "y",
                "angle": -45,
                "rescale": false
            },
            "shade": false,
            "faces": {
                "north": {
                    "uv": [
                        4,
                        0,
                        12,
                        14
                    ],
                    "texture": "#stem"
                },
                "south": {
                    "uv": [
                        4,
                        0,
                        12,
                        14
                    ],
                    "texture": "#stem"
                }
            },
            "light_emission": 15
        }
    ]
}