{
    "ambientocclusion": false,
    "textures": {
        "particle": "#pane"
    },
    "elements": [
        {
            "from": [
                7,
                0,
                7
            ],
            "to": [
                9,
                16,
                9
            ],
            "faces": {
                "down": {
                    "uv": [
                        7,
                        7,
                        9,
                        9
                    ],
                    "texture": "#edge"
                },
                "up": {
                    "uv": [
                        7,
                        7,
                        9,
                        9
                    ],
                    "texture": "#edge"
                }
            },
            "light_emission": 15
        }
    ]
}