{
    "textures": {
        "particle": "block/oak_planks",
        "hook": "block/tripwire_hook",
        "wood": "block/oak_planks"
    },
    "elements": [
        {
            "from": [
                6.2,
                3.8,
                7.9
            ],
            "to": [
                9.8,
                4.6,
                11.5
            ],
            "rotation": {
                "origin": [
                    8,
                    6,
                    5.2
                ],
                "axis": "x",
                "angle": -45
            },
            "faces": {
                "down": {
                    "uv": [
                        5,
                        3,
                        11,
                        9
                    ],
                    "texture": "#hook"
                },
                "up": {
                    "uv": [
                        5,
                        3,
                        11,
                        9
                    ],
                    "texture": "#hook"
                },
                "north": {
                    "uv": [
                        5,
                        3,
                        11,
                        4
                    ],
                    "texture": "#hook"
                },
                "south": {
                    "uv": [
                        5,
                        8,
                        11,
                        9
                    ],
                    "texture": "#hook"
                },
                "west": {
                    "uv": [
                        5,
                        8,
                        11,
                        9
                    ],
                    "texture": "#hook"
                },
                "east": {
                    "uv": [
                        5,
                        3,
                        11,
                        4
                    ],
                    "texture": "#hook"
                }
            },
            "light_emission": 15
        },
        {
            "from": [
                7.4,
                3.8,
                10.3
            ],
            "to": [
                8.6,
                4.6,
                10.3
            ],
            "rotation": {
                "origin": [
                    8,
                    6,
                    5.2
                ],
                "axis": "x",
                "angle": -45
            },
            "faces": {
                "north": {
                    "uv": [
                        7,
                        8,
                        9,
                        9
                    ],
                    "texture": "#hook"
                }
            },
            "light_emission": 15
        },
        {
            "from": [
                7.4,
                3.8,
                9.1
            ],
            "to": [
                8.6,
                4.6,
                9.1
            ],
            "rotation": {
                "origin": [
                    8,
                    6,
                    5.2
                ],
                "axis": "x",
                "angle": -45
            },
            "faces": {
                "south": {
                    "uv": [
                        7,
                        3,
                        9,
                        4
                    ],
                    "texture": "#hook"
                }
            },
            "light_emission": 15
        },
        {
            "from": [
                7.4,
                3.8,
                9.1
            ],
            "to": [
                7.4,
                4.6,
                10.3
            ],
            "rotation": {
                "origin": [
                    8,
                    6,
                    5.2
                ],
                "axis": "x",
                "angle": -45
            },
            "faces": {
                "east": {
                    "uv": [
                        7,
                        8,
                        9,
                        9
                    ],
                    "texture": "#hook"
                }
            },
            "light_emission": 15
        },
        {
            "from": [
                8.6,
                3.8,
                9.1
            ],
            "to": [
                8.6,
                4.6,
                10.3
            ],
            "rotation": {
                "origin": [
                    8,
                    6,
                    5.2
                ],
                "axis": "x",
                "angle": -45
            },
            "faces": {
                "west": {
                    "uv": [
                        7,
                        3,
                        9,
                        4
                    ],
                    "texture": "#hook"
                }
            },
            "light_emission": 15
        },
        {
            "from": [
                7.4,
                5.2,
                10
            ],
            "to": [
                8.8,
                6.8,
                14
            ],
            "rotation": {
                "origin": [
                    8,
                    6,
                    14
                ],
                "axis": "x",
                "angle": 45
            },
            "faces": {
                "down": {
                    "uv": [
                        7,
                        9,
                        9,
                        14
                    ],
                    "texture": "#wood"
                },
                "up": {
                    "uv": [
                        7,
                        2,
                        9,
                        7
                    ],
                    "texture": "#wood"
                },
                "north": {
                    "uv": [
                        7,
                        9,
                        9,
                        11
                    ],
                    "texture": "#wood"
                },
                "south": {
                    "uv": [
                        7,
                        9,
                        9,
                        11
                    ],
                    "texture": "#wood"
                },
                "west": {
                    "uv": [
                        2,
                        9,
                        7,
                        11
                    ],
                    "texture": "#wood"
                },
                "east": {
                    "uv": [
                        9,
                        9,
                        14,
                        11
                    ],
                    "texture": "#wood"
                }
            },
            "light_emission": 15
        },
        {
            "from": [
                6,
                1,
                14
            ],
            "to": [
                10,
                9,
                16
            ],
            "faces": {
                "down": {
                    "uv": [
                        6,
                        14,
                        10,
                        16
                    ],
                    "texture": "#wood"
                },
                "up": {
                    "uv": [
                        6,
                        0,
                        10,
                        2
                    ],
                    "texture": "#wood"
                },
                "north": {
                    "uv": [
                        6,
                        7,
                        10,
                        15
                    ],
                    "texture": "#wood"
                },
                "south": {
                    "uv": [
                        6,
                        7,
                        10,
                        15
                    ],
                    "texture": "#wood",
                    "cullface": "south"
                },
                "west": {
                    "uv": [
                        0,
                        7,
                        2,
                        15
                    ],
                    "texture": "#wood"
                },
                "east": {
                    "uv": [
                        14,
                        7,
                        16,
                        15
                    ],
                    "texture": "#wood"
                }
            },
            "light_emission": 15
        }
    ]
}